Number of People,Number of Items,Optimal P-Envy,Wall Clock Time
1,1,0.0,0.005710124969482422
1,1,0.0,0.005209207534790039
1,1,0.0,0.005585193634033203
1,1,0.0,0.004927158355712891
1,1,0.0,0.005096912384033203
1,1,0.0,0.005166769027709961
1,1,0.0,0.005488157272338867
1,1,0.0,0.004998922348022461
1,1,0.0,0.004552364349365234
1,1,0.0,0.004575967788696289
1,1,0.0,0.005182027816772461
1,1,0.0,0.005063772201538086
1,1,0.0,0.005321979522705078
1,1,0.0,0.00541996955871582
1,1,0.0,0.0045430660247802734
1,1,0.0,0.0047817230224609375
1,1,0.0,0.00591588020324707
1,1,0.0,0.004687309265136719
1,1,0.0,0.0049228668212890625
1,1,0.0,0.004592180252075195
1,1,0.0,0.005048274993896484
1,1,0.0,0.005638837814331055
1,1,0.0,0.004876136779785156
1,1,0.0,0.004378080368041992
1,1,0.0,0.005081892013549805
1,1,0.0,0.005658864974975586
1,1,0.0,0.004743099212646484
1,1,0.0,0.0046710968017578125
1,1,0.0,0.004578113555908203
1,1,0.0,0.004448890686035156
2,1,0.0,0.00028896331787109375
2,1,0.0,0.00013113021850585938
2,1,0.0,0.00011491775512695312
2,1,0.0,0.00011205673217773438
2,1,0.0,0.00012302398681640625
2,1,0.0,0.0001342296600341797
2,1,0.0,0.0001468658447265625
2,1,0.0,0.00015306472778320312
2,1,0.0,0.0001239776611328125
2,1,0.0,0.00012922286987304688
2,1,0.0,0.00011014938354492188
2,1,0.0,0.0001289844512939453
2,1,0.0,0.00013184547424316406
2,1,0.0,9.298324584960938e-05
2,1,0.0,9.202957153320312e-05
2,1,0.0,0.00011610984802246094
2,1,0.0,0.00011181831359863281
2,1,0.0,0.00013184547424316406
2,1,0.0,0.00017309188842773438
2,1,0.0,0.00014281272888183594
2,1,0.0,0.00014591217041015625
2,1,0.0,0.00018715858459472656
2,1,0.0,0.000102996826171875
2,1,0.0,9.799003601074219e-05
2,1,0.0,8.797645568847656e-05
2,1,0.0,0.00010132789611816406
2,1,0.0,8.916854858398438e-05
2,1,0.0,0.00010085105895996094
2,1,0.0,8.58306884765625e-05
2,1,0.0,8.702278137207031e-05
3,1,0.0,9.918212890625e-05
3,1,0.0,8.797645568847656e-05
3,1,0.0,8.606910705566406e-05
3,1,0.0,9.822845458984375e-05
3,1,0.0,8.511543273925781e-05
3,1,0.0,8.487701416015625e-05
3,1,0.0,0.00013065338134765625
3,1,0.0,0.00012111663818359375
3,1,0.0,0.00010800361633300781
3,1,0.0,0.0001010894775390625
3,1,0.0,9.107589721679688e-05
3,1,0.0,9.894371032714844e-05
3,1,0.0,8.893013000488281e-05
3,1,0.0,8.702278137207031e-05
3,1,0.0,8.726119995117188e-05
3,1,0.0,9.822845458984375e-05
3,1,0.0,0.00010013580322265625
3,1,0.0,0.00011014938354492188
3,1,0.0,0.00015997886657714844
3,1,0.0,0.0001480579376220703
3,1,0.0,0.00015211105346679688
3,1,0.0,0.00011801719665527344
3,1,0.0,0.00013113021850585938
3,1,0.0,0.00010609626770019531
3,1,0.0,0.00011682510375976562
3,1,0.0,0.00012493133544921875
3,1,0.0,0.0001251697540283203
3,1,0.0,0.0001399517059326172
3,1,0.0,0.00011301040649414062
3,1,0.0,9.107589721679688e-05
4,1,0.0,9.799003601074219e-05
4,1,0.0,0.00012302398681640625
4,1,0.0,0.00010991096496582031
4,1,0.0,9.894371032714844e-05
4,1,0.0,0.00011396408081054688
4,1,0.0,9.608268737792969e-05
4,1,0.0,0.00011014938354492188
4,1,0.0,0.00010895729064941406
4,1,0.0,0.00010633468627929688
4,1,0.0,0.0001270771026611328
4,1,0.0,0.00012803077697753906
4,1,0.0,0.00011205673217773438
4,1,0.0,0.00011205673217773438
4,1,0.0,0.00010800361633300781
4,1,0.0,0.00011110305786132812
4,1,0.0,0.00012993812561035156
4,1,0.0,0.00011110305786132812
4,1,0.0,0.0001361370086669922
4,1,0.0,0.00011897087097167969
4,1,0.0,0.00010085105895996094
4,1,0.0,9.703636169433594e-05
4,1,0.0,9.775161743164062e-05
4,1,0.0,0.00010895729064941406
4,1,0.0,9.703636169433594e-05
4,1,0.0,9.584426879882812e-05
4,1,0.0,9.703636169433594e-05
4,1,0.0,0.0001289844512939453
4,1,0.0,0.00014591217041015625
4,1,0.0,0.00012493133544921875
4,1,0.0,0.00011706352233886719
5,1,0.0,0.00013303756713867188
5,1,0.0,0.00017309188842773438
5,1,0.0,0.00015497207641601562
5,1,0.0,0.00012993812561035156
5,1,0.0,0.0001659393310546875
5,1,0.0,0.00014519691467285156
5,1,0.0,0.0001220703125
5,1,0.0,0.0001690387725830078
5,1,0.0,0.00013780593872070312
5,1,0.0,0.00014400482177734375
5,1,0.0,0.00012063980102539062
5,1,0.0,0.000141143798828125
5,1,0.0,0.00013113021850585938
5,1,0.0,0.00012373924255371094
5,1,0.0,0.000125885009765625
5,1,0.0,0.00012683868408203125
5,1,0.0,0.0001068115234375
5,1,0.0,0.00013399124145507812
5,1,0.0,0.000125885009765625
5,1,0.0,0.00011491775512695312
5,1,0.0,0.00013327598571777344
5,1,0.0,0.0001380443572998047
5,1,0.0,0.00015282630920410156
5,1,0.0,0.00013709068298339844
5,1,0.0,0.00012993812561035156
5,1,0.0,0.00013494491577148438
5,1,0.0,0.0001652240753173828
5,1,0.0,0.00015783309936523438
5,1,0.0,0.00013899803161621094
5,1,0.0,0.00011587142944335938
6,1,0.0,0.0001480579376220703
6,1,0.0,0.0001518726348876953
6,1,0.0,0.00014591217041015625
6,1,0.0,0.0001480579376220703
6,1,0.0,0.00013399124145507812
6,1,0.0,0.0001327991485595703
6,1,0.0,0.00013065338134765625
6,1,0.0,0.00012493133544921875
6,1,0.0,0.00012421607971191406
6,1,0.0,0.00012493133544921875
6,1,0.0,0.00012421607971191406
6,1,0.0,0.0001227855682373047
6,1,0.0,0.0001232624053955078
6,1,0.0,0.0001227855682373047
6,1,0.0,0.00015807151794433594
6,1,0.0,0.00017404556274414062
6,1,0.0,0.00017118453979492188
6,1,0.0,0.00019407272338867188
6,1,0.0,0.0001747608184814453
6,1,0.0,0.00016808509826660156
6,1,0.0,0.00015592575073242188
6,1,0.0,0.00013065338134765625
6,1,0.0,0.00013327598571777344
6,1,0.0,0.00013899803161621094
6,1,0.0,0.00012493133544921875
6,1,0.0,0.0001239776611328125
6,1,0.0,0.0001289844512939453
6,1,0.0,0.00012493133544921875
6,1,0.0,0.0001499652862548828
6,1,0.0,0.00013780593872070312
7,1,0.0,0.0001552104949951172
7,1,0.0,0.00014090538024902344
7,1,0.0,0.000141143798828125
7,1,0.0,0.0001430511474609375
7,1,0.0,0.00020003318786621094
7,1,0.0,0.0002090930938720703
7,1,0.0,0.00022411346435546875
7,1,0.0,0.000164031982421875
7,1,0.0,0.000141143798828125
7,1,0.0,0.00015091896057128906
7,1,0.0,0.0001399517059326172
7,1,0.0,0.00015425682067871094
7,1,0.0,0.00015497207641601562
7,1,0.0,0.00014019012451171875
7,1,0.0,0.00014019012451171875
7,1,0.0,0.00017213821411132812
7,1,0.0,0.0001499652862548828
7,1,0.0,0.00015997886657714844
7,1,0.0,0.0001480579376220703
7,1,0.0,0.00015807151794433594
7,1,0.0,0.0001690387725830078
7,1,0.0,0.00015401840209960938
7,1,0.0,0.00015997886657714844
7,1,0.0,0.00019407272338867188
7,1,0.0,0.00016069412231445312
7,1,0.0,0.00017213821411132812
7,1,0.0,0.00019407272338867188
7,1,0.0,0.00028014183044433594
7,1,0.0,0.0002071857452392578
7,1,0.0,0.0001850128173828125
1,2,0.0,0.0059969425201416016
1,2,0.0,0.005555152893066406
1,2,0.0,0.005419015884399414
1,2,0.0,0.005331993103027344
1,2,0.0,0.0052759647369384766
1,2,0.0,0.005438089370727539
1,2,0.0,0.005814075469970703
1,2,0.0,0.00537872314453125
1,2,0.0,0.005220890045166016
1,2,0.0,0.005347728729248047
1,2,0.0,0.005440950393676758
1,2,0.0,0.006020069122314453
1,2,0.0,0.005378007888793945
1,2,0.0,0.005319833755493164
1,2,0.0,0.005838155746459961
1,2,0.0,0.005883932113647461
1,2,0.0,0.00613713264465332
1,2,0.0,0.0065081119537353516
1,2,0.0,0.005247831344604492
1,2,0.0,0.006161928176879883
1,2,0.0,0.006154060363769531
1,2,0.0,0.005774736404418945
1,2,0.0,0.0053060054779052734
1,2,0.0,0.00637507438659668
1,2,0.0,0.006024360656738281
1,2,0.0,0.005191326141357422
1,2,0.0,0.00584101676940918
1,2,0.0,0.006541013717651367
1,2,0.0,0.005230903625488281
1,2,0.0,0.0052318572998046875
2,2,0.0,0.005193948745727539
2,2,0.0,0.005232810974121094
2,2,0.0,0.0053560733795166016
2,2,0.0,0.0062711238861083984
2,2,0.0,0.005795717239379883
2,2,0.0,0.0054302215576171875
2,2,0.0,0.005431175231933594
2,2,0.0,0.006659746170043945
2,2,0.0,0.005585908889770508
2,2,0.0,0.005795001983642578
2,2,0.0,0.005245208740234375
2,2,0.0,0.005322933197021484
2,2,0.0,0.006133079528808594
2,2,0.0,0.006356000900268555
2,2,0.0,0.006391048431396484
2,2,0.0,0.005860090255737305
2,2,0.0,0.005511045455932617
2,2,0.0,0.008463144302368164
2,2,0.0,0.006231784820556641
2,2,0.0,0.005913734436035156
2,2,0.0,0.005455732345581055
2,2,0.0,0.005873203277587891
2,2,0.0,0.005357980728149414
2,2,0.0,0.005485057830810547
2,2,0.0,0.005405902862548828
2,2,0.0,0.00587773323059082
2,2,0.0,0.005656003952026367
2,2,0.0,0.005533933639526367
2,2,0.0,0.005601167678833008
2,2,0.0,0.005521059036254883
3,2,0.0,0.006496906280517578
3,2,0.0,0.006907939910888672
3,2,0.0,0.006433963775634766
3,2,0.0,0.006611824035644531
3,2,0.0,0.006304264068603516
3,2,0.0,0.006772279739379883
3,2,0.0,0.006589174270629883
3,2,0.0,0.006597042083740234
3,2,0.0,0.006891012191772461
3,2,0.0,0.006726741790771484
3,2,0.0,0.007009029388427734
3,2,0.0,0.0065538883209228516
3,2,0.0,0.00667119026184082
3,2,0.0,0.0065348148345947266
3,2,0.0,0.0069730281829833984
3,2,0.0,0.007903099060058594
3,2,0.0,0.006927967071533203
3,2,0.0,0.008097171783447266
3,2,0.0,0.008648395538330078
3,2,0.0,0.00864410400390625
3,2,0.0,0.007021188735961914
3,2,0.0,0.00662994384765625
3,2,0.0,0.006512880325317383
3,2,0.0,0.006742000579833984
3,2,0.0,0.0068089962005615234
3,2,0.0,0.006532907485961914
3,2,0.0,0.0068171024322509766
3,2,0.0,0.0065419673919677734
3,2,0.0,0.00728297233581543
3,2,0.0,0.0069580078125
4,2,0.0,0.006783962249755859
4,2,0.0,0.007066011428833008
4,2,0.0,0.0067920684814453125
4,2,0.0,0.00706791877746582
4,2,0.0,0.007463216781616211
4,2,0.0,0.006983041763305664
4,2,0.0,0.0067942142486572266
4,2,0.0,0.006989002227783203
4,2,0.0,0.007159709930419922
4,2,0.0,0.007366180419921875
4,2,0.0,0.0068759918212890625
4,2,0.0,0.00715184211730957
4,2,0.0,0.007175922393798828
4,2,0.0,0.006850242614746094
4,2,0.0,0.007008075714111328
4,2,0.0,0.0069370269775390625
4,2,0.0,0.006803989410400391
4,2,0.0,0.006886005401611328
4,2,0.0,0.00681304931640625
4,2,0.0,0.007565975189208984
4,2,0.0,0.006797075271606445
4,2,0.0,0.006845951080322266
4,2,0.0,0.006781101226806641
4,2,0.0,0.0069119930267333984
4,2,0.0,0.0072438716888427734
4,2,0.0,0.006582021713256836
4,2,0.0,0.007019996643066406
4,2,0.0,0.006760835647583008
4,2,0.0,0.0067713260650634766
4,2,0.0,0.00710296630859375
5,2,0.0,0.007458209991455078
5,2,0.0,0.0072021484375
5,2,0.0,0.007187843322753906
5,2,0.0,0.006928205490112305
5,2,0.0,0.007415056228637695
5,2,0.0,0.007032155990600586
5,2,0.0,0.007366180419921875
5,2,0.0,0.0070798397064208984
5,2,0.0,0.00816202163696289
5,2,0.0,0.007319927215576172
5,2,0.0,0.007297039031982422
5,2,0.0,0.007200002670288086
5,2,0.0,0.007180929183959961
5,2,0.0,0.007575035095214844
5,2,0.0,0.007375955581665039
5,2,0.0,0.007077932357788086
5,2,0.0,0.007095813751220703
5,2,0.0,0.007020711898803711
5,2,0.0,0.0073699951171875
5,2,0.0,0.006902933120727539
5,2,0.0,0.007680177688598633
5,2,0.0,0.007325887680053711
5,2,0.0,0.0075991153717041016
5,2,0.0,0.0069849491119384766
5,2,0.0,0.007443904876708984
5,2,0.0,0.008711099624633789
5,2,0.0,0.00730586051940918
5,2,0.0,0.008519172668457031
5,2,0.0,0.008238792419433594
5,2,0.0,0.006989955902099609
6,2,0.0,0.008030891418457031
6,2,0.0,0.007484912872314453
6,2,0.0,0.00815892219543457
6,2,0.0,0.007740974426269531
6,2,0.0,0.008091926574707031
6,2,0.0,0.008105993270874023
6,2,0.0,0.007769107818603516
6,2,0.0,0.007539272308349609
6,2,0.0,0.007401943206787109
6,2,0.0,0.0074481964111328125
6,2,0.0,0.007602214813232422
6,2,0.0,0.007505893707275391
6,2,0.0,0.0073549747467041016
6,2,0.0,0.007447004318237305
6,2,0.0,0.00748896598815918
6,2,0.0,0.00774693489074707
6,2,0.0,0.007354736328125
6,2,0.0,0.007355690002441406
6,2,0.0,0.007358074188232422
6,2,0.0,0.007902145385742188
6,2,0.0,0.007545948028564453
6,2,0.0,0.007378101348876953
6,2,0.0,0.007340669631958008
6,2,0.0,0.007800102233886719
6,2,0.0,0.0076007843017578125
6,2,0.0,0.007209062576293945
6,2,0.0,0.007441043853759766
6,2,0.0,0.00728607177734375
6,2,0.0,0.0073299407958984375
6,2,0.0,0.008599042892456055
7,2,0.0,0.008187055587768555
7,2,0.0,0.008146047592163086
7,2,0.0,0.008524179458618164
7,2,0.0,0.007868289947509766
7,2,0.0,0.007849931716918945
7,2,0.0,0.008881092071533203
7,2,0.0,0.008203983306884766
7,2,0.0,0.007765054702758789
7,2,0.0,0.00832676887512207
7,2,0.0,0.007835149765014648
7,2,0.0,0.008222103118896484
7,2,0.0,0.007941722869873047
7,2,0.0,0.008626937866210938
7,2,0.0,0.025141000747680664
7,2,0.0,0.007731914520263672
7,2,0.0,0.008661985397338867
7,2,0.0,0.008357048034667969
7,2,0.0,0.00890493392944336
7,2,0.0,0.007971048355102539
7,2,0.0,0.008854866027832031
7,2,0.0,0.008072853088378906
7,2,0.0,0.008308887481689453
7,2,0.0,0.008619070053100586
7,2,0.0,0.008202075958251953
7,2,0.0,0.008383035659790039
7,2,0.0,0.008941888809204102
7,2,0.0,0.007921934127807617
7,2,0.0,0.007514238357543945
7,2,0.0,0.00892496109008789
7,2,0.0,0.008306026458740234
1,3,0.0,0.005366086959838867
1,3,0.0,0.005307197570800781
1,3,0.0,0.005881786346435547
1,3,0.0,0.00603795051574707
1,3,0.0,0.0057828426361083984
1,3,0.0,0.005830049514770508
1,3,0.0,0.005188941955566406
1,3,0.0,0.005710124969482422
1,3,0.0,0.006298065185546875
1,3,0.0,0.0055081844329833984
1,3,0.0,0.005414009094238281
1,3,0.0,0.0063478946685791016
1,3,0.0,0.005541324615478516
1,3,0.0,0.005373954772949219
1,3,0.0,0.005703926086425781
1,3,0.0,0.006273984909057617
1,3,0.0,0.0053730010986328125
1,3,0.0,0.0055789947509765625
1,3,0.0,0.005981922149658203
1,3,0.0,0.005155086517333984
1,3,0.0,0.005460977554321289
1,3,0.0,0.006235837936401367
1,3,0.0,0.006291866302490234
1,3,0.0,0.006041049957275391
1,3,0.0,0.005341053009033203
1,3,0.0,0.00588226318359375
1,3,0.0,0.005752086639404297
1,3,0.0,0.00566411018371582
1,3,0.0,0.005383014678955078
1,3,0.0,0.006690025329589844
2,3,0.0,0.007378816604614258
2,3,0.0,0.007798194885253906
2,3,0.0,0.006869077682495117
2,3,0.0,0.007841110229492188
2,3,0.0,0.007230043411254883
2,3,0.0,0.006556987762451172
2,3,0.0,0.008882999420166016
2,3,0.0,0.009602785110473633
2,3,0.0,0.007169961929321289
2,3,0.0,0.0068399906158447266
2,3,0.0,0.00955510139465332
2,3,0.0,0.007230043411254883
2,3,0.0,0.008673667907714844
2,3,0.0,0.009393930435180664
2,3,0.0,0.008465766906738281
2,3,0.0,0.007745981216430664
2,3,0.0,0.0070247650146484375
2,3,0.0,0.006725788116455078
2,3,0.0,0.0068399906158447266
2,3,0.0,0.009662866592407227
2,3,0.0,0.007508993148803711
2,3,0.0,0.006772041320800781
2,3,0.0,0.008421182632446289
2,3,0.0,0.007651090621948242
2,3,0.0,0.008375167846679688
2,3,0.0,0.007890939712524414
2,3,0.0,0.006594181060791016
2,3,0.0,0.007176876068115234
2,3,0.0,0.007791042327880859
2,3,0.0,0.008855104446411133
3,3,0.0,0.007456064224243164
3,3,0.0,0.007142782211303711
3,3,0.0,0.008060932159423828
3,3,0.0,0.007962942123413086
3,3,0.0,0.007552623748779297
3,3,0.0,0.007009983062744141
3,3,0.0,0.0073320865631103516
3,3,0.0,0.007789134979248047
3,3,0.0,0.008087158203125
3,3,0.0,0.007212162017822266
3,3,0.0,0.008781909942626953
3,3,0.0,0.0075762271881103516
3,3,0.0,0.0076601505279541016
3,3,0.0,0.007666826248168945
3,3,0.0,0.007133960723876953
3,3,0.0,0.007552146911621094
3,3,0.0,0.007827043533325195
3,3,0.0,0.007932186126708984
3,3,0.0,0.00701594352722168
3,3,0.0,0.007767915725708008
3,3,0.0,0.008097171783447266
3,3,0.0,0.008351802825927734
3,3,0.0,0.0070002079010009766
3,3,0.0,0.007748126983642578
3,3,0.0,0.007929086685180664
3,3,0.0,0.008462190628051758
3,3,0.0,0.007553815841674805
3,3,0.0,0.007255077362060547
3,3,0.0,0.006917715072631836
3,3,0.0,0.007964849472045898
4,3,0.0,0.010026931762695312
4,3,0.0,0.01007223129272461
4,3,0.0,0.010046005249023438
4,3,0.0,0.010772943496704102
4,3,0.0,0.011489152908325195
4,3,0.0,0.010677814483642578
4,3,0.0,0.00998687744140625
4,3,0.0,0.01022791862487793
4,3,0.0,0.010555267333984375
4,3,0.0,0.01042318344116211
4,3,0.0,0.010580062866210938
4,3,0.0,0.010710000991821289
4,3,0.0,0.010993242263793945
4,3,0.0,0.01014399528503418
4,3,0.0,0.010122060775756836
4,3,0.0,0.010664939880371094
4,3,0.0,0.01031494140625
4,3,0.0,0.010175943374633789
4,3,0.0,0.010940074920654297
4,3,0.0,0.010071039199829102
4,3,0.0,0.010098934173583984
4,3,0.0,0.009917259216308594
4,3,0.0,0.010693788528442383
4,3,0.0,0.010820150375366211
4,3,0.0,0.012279987335205078
4,3,0.0,0.011118888854980469
4,3,0.0,0.009957313537597656
4,3,0.0,0.009711980819702148
4,3,0.0,0.010357141494750977
4,3,0.0,0.010777950286865234
5,3,0.0,0.010915040969848633
5,3,0.0,0.01202392578125
5,3,0.0,0.012473106384277344
5,3,0.0,0.011471986770629883
5,3,0.0,0.011591196060180664
5,3,0.0,0.012537956237792969
5,3,0.0,0.01189112663269043
5,3,0.0,0.0121002197265625
5,3,0.0,0.012824058532714844
5,3,0.0,0.011549234390258789
5,3,0.0,0.01259303092956543
5,3,0.0,0.012224912643432617
5,3,0.0,0.012388944625854492
5,3,0.0,0.011729955673217773
5,3,0.0,0.01242208480834961
5,3,0.0,0.011780977249145508
5,3,0.0,0.012506246566772461
5,3,0.0,0.01253199577331543
5,3,0.0,0.011432886123657227
5,3,0.0,0.012417078018188477
5,3,0.0,0.012214899063110352
5,3,0.0,0.01304483413696289
5,3,0.0,0.011982202529907227
5,3,0.0,0.012919902801513672
5,3,0.0,0.011774063110351562
5,3,0.0,0.01181793212890625
5,3,0.0,0.011899948120117188
5,3,0.0,0.012353181838989258
5,3,0.0,0.011517047882080078
5,3,0.0,0.01221776008605957
6,3,0.0,0.01446676254272461
6,3,0.0,0.014641284942626953
6,3,0.0,0.014751911163330078
6,3,0.0,0.014541149139404297
6,3,0.0,0.014370203018188477
6,3,0.0,0.015254974365234375
6,3,0.0,0.01442408561706543
6,3,0.0,0.014719963073730469
6,3,0.0,0.014712810516357422
6,3,0.0,0.014595985412597656
6,3,0.0,0.01458120346069336
6,3,0.0,0.014844179153442383
6,3,0.0,0.013835906982421875
6,3,0.0,0.014770984649658203
6,3,0.0,0.014634132385253906
6,3,0.0,0.01545095443725586
6,3,0.0,0.014729022979736328
6,3,0.0,0.014542818069458008
6,3,0.0,0.014566898345947266
6,3,0.0,0.01438283920288086
6,3,0.0,0.014913082122802734
6,3,0.0,0.014517068862915039
6,3,0.0,0.014678955078125
6,3,0.0,0.014977216720581055
6,3,0.0,0.014561891555786133
6,3,0.0,0.014698028564453125
6,3,0.0,0.014693737030029297
6,3,0.0,0.014369010925292969
6,3,0.0,0.014842033386230469
6,3,0.0,0.014621973037719727
7,3,0.0,0.016242027282714844
7,3,0.0,0.016830921173095703
7,3,0.0,0.01735091209411621
7,3,0.0,0.01686882972717285
7,3,0.0,0.017071008682250977
7,3,0.0,0.017158985137939453
7,3,0.0,0.020374059677124023
7,3,0.0,0.017096996307373047
7,3,0.0,0.0174100399017334
7,3,0.0,0.01753377914428711
7,3,0.0,0.01757502555847168
7,3,0.0,0.016703128814697266
7,3,0.0,0.017533063888549805
7,3,0.0,0.016719818115234375
7,3,0.0,0.017198801040649414
7,3,0.0,0.017339229583740234
7,3,0.0,0.01680588722229004
7,3,0.0,0.01720404624938965
7,3,0.0,0.01671290397644043
7,3,0.0,0.01705026626586914
7,3,0.0,0.01641392707824707
7,3,0.0,0.017328739166259766
7,3,0.0,0.01695108413696289
7,3,0.0,0.01700592041015625
7,3,0.0,0.01695108413696289
7,3,0.0,0.016885042190551758
7,3,0.0,0.016731977462768555
7,3,0.0,0.017582178115844727
7,3,0.0,0.016666173934936523
7,3,0.0,0.016972780227661133
1,4,0.0,0.006256103515625
1,4,0.0,0.005224943161010742
1,4,0.0,0.005767822265625
1,4,0.0,0.006173133850097656
1,4,0.0,0.005439043045043945
1,4,0.0,0.005684852600097656
1,4,0.0,0.005742788314819336
1,4,0.0,0.006169795989990234
1,4,0.0,0.0058841705322265625
1,4,0.0,0.005185842514038086
1,4,0.0,0.005530834197998047
1,4,0.0,0.006335020065307617
1,4,0.0,0.005352020263671875
1,4,0.0,0.005338191986083984
1,4,0.0,0.005147218704223633
1,4,0.0,0.006051063537597656
1,4,0.0,0.00623321533203125
1,4,0.0,0.005839824676513672
1,4,0.0,0.00529789924621582
1,4,0.0,0.00527501106262207
1,4,0.0,0.006057024002075195
1,4,0.0,0.006002902984619141
1,4,0.0,0.00634312629699707
1,4,0.0,0.0053081512451171875
1,4,0.0,0.005360841751098633
1,4,0.0,0.0066411495208740234
1,4,0.0,0.005452632904052734
1,4,0.0,0.005781888961791992
1,4,0.0,0.007182121276855469
1,4,0.0,0.005834102630615234
2,4,0.0,0.008260726928710938
2,4,0.0,0.008339881896972656
2,4,0.0,0.006893157958984375
2,4,0.0,0.008730888366699219
2,4,0.0,0.008370161056518555
2,4,0.0,0.007019996643066406
2,4,0.0,0.014895915985107422
2,4,0.0,0.00928187370300293
2,4,0.0,0.01009988784790039
2,4,0.0,0.006987094879150391
2,4,0.0,0.007283926010131836
2,4,0.0,0.009594202041625977
2,4,0.0,0.008909940719604492
2,4,0.0,0.008506298065185547
2,4,0.0,0.008080005645751953
2,4,0.0,0.0071680545806884766
2,4,0.0,0.006646871566772461
2,4,0.0,0.013212203979492188
2,4,0.0,0.008916854858398438
2,4,0.0,0.007918834686279297
2,4,0.0,0.008188247680664062
2,4,0.0,0.008682966232299805
2,4,0.0,0.008243083953857422
2,4,0.0,0.008623838424682617
2,4,0.0,0.009082794189453125
2,4,0.0,0.00905299186706543
2,4,0.0,0.009438276290893555
2,4,0.0,0.007893085479736328
2,4,0.0,0.011983156204223633
2,4,0.0,0.009515047073364258
3,4,0.0,0.011368989944458008
3,4,0.0,0.013265132904052734
3,4,0.0,0.013498783111572266
3,4,0.0,0.007392168045043945
3,4,0.0,0.00830078125
3,4,0.0,0.020531892776489258
3,4,0.0,0.008546113967895508
3,4,0.0,0.016003131866455078
3,4,0.0,0.007819175720214844
3,4,0.0,0.014475107192993164
3,4,0.0,0.007920980453491211
3,4,0.0,0.014156103134155273
3,4,0.0,0.008210182189941406
3,4,0.0,0.016072988510131836
3,4,0.0,0.007709980010986328
3,4,0.0,0.010243892669677734
3,4,0.0,0.014709949493408203
3,4,0.0,0.014799833297729492
3,4,0.0,0.009772777557373047
3,4,0.0,0.008353948593139648
3,4,0.0,0.007971048355102539
3,4,0.0,0.010741949081420898
3,4,0.0,0.008397102355957031
3,4,0.0,0.014056921005249023
3,4,0.0,0.00877690315246582
3,4,0.0,0.018355846405029297
3,4,0.0,0.011872053146362305
3,4,0.0,0.013875961303710938
3,4,0.0,0.008255958557128906
3,4,0.0,0.011894941329956055
4,4,0.0,0.008122920989990234
4,4,0.0,0.008586883544921875
4,4,0.0,0.008893966674804688
4,4,0.0,0.007630109786987305
4,4,0.0,0.009146928787231445
4,4,0.0,0.008635997772216797
4,4,0.0,0.008063077926635742
4,4,0.0,0.007511615753173828
4,4,0.0,0.007811069488525391
4,4,0.0,0.007636070251464844
4,4,0.0,0.00834512710571289
4,4,0.0,0.008460044860839844
4,4,0.0,0.007782936096191406
4,4,0.0,0.008388042449951172
4,4,0.0,0.008893966674804688
4,4,0.0,0.008252859115600586
4,4,0.0,0.007989645004272461
4,4,0.0,0.008645057678222656
4,4,0.0,0.00775909423828125
4,4,0.0,0.00837397575378418
4,4,0.0,0.008723020553588867
4,4,0.0,0.008428812026977539
4,4,0.0,0.00821685791015625
4,4,0.0,0.008515119552612305
4,4,0.0,0.008804082870483398
4,4,0.0,0.00793004035949707
4,4,0.0,0.008688926696777344
4,4,0.0,0.008818864822387695
4,4,0.0,0.00854182243347168
4,4,0.0,0.008556842803955078
5,4,0.0,0.013971090316772461
5,4,0.0,0.012969970703125
5,4,0.0,0.013399839401245117
5,4,0.0,0.014065980911254883
5,4,0.0,0.013228893280029297
5,4,0.0,0.014026880264282227
5,4,0.0,0.014256954193115234
5,4,0.0,0.013676643371582031
5,4,0.0,0.014084100723266602
5,4,0.0,0.01406407356262207
5,4,0.0,0.013389110565185547
5,4,0.0,0.014030218124389648
5,4,0.0,0.013984918594360352
5,4,0.0,0.013715982437133789
5,4,0.0,0.01405191421508789
5,4,0.0,0.014241218566894531
5,4,0.0,0.014194965362548828
5,4,0.0,0.013528108596801758
5,4,0.0,0.014149665832519531
5,4,0.0,0.014267921447753906
5,4,0.0,0.013900041580200195
5,4,0.0,0.013586997985839844
5,4,0.0,0.012980937957763672
5,4,0.0,0.014069080352783203
5,4,0.0,0.01404881477355957
5,4,0.0,0.013843297958374023
5,4,0.0,0.013804912567138672
5,4,0.0,0.01471090316772461
5,4,0.0,0.0137481689453125
5,4,0.0,0.013677120208740234
6,4,0.0,0.01699995994567871
6,4,0.0,0.016071081161499023
6,4,0.0,0.016748905181884766
6,4,0.0,0.01633000373840332
6,4,0.0,0.01619100570678711
6,4,0.0,0.01731395721435547
6,4,0.0,0.017267942428588867
6,4,0.0,0.016436100006103516
6,4,0.0,0.016143083572387695
6,4,0.0,0.01635909080505371
6,4,0.0,0.01641082763671875
6,4,0.0,0.016526222229003906
6,4,0.0,0.016110658645629883
6,4,0.0,0.016496896743774414
6,4,0.0,0.01570916175842285
6,4,0.0,0.01655292510986328
6,4,0.0,0.016745805740356445
6,4,0.0,0.015954256057739258
6,4,0.0,0.016318082809448242
6,4,0.0,0.016120195388793945
6,4,0.0,0.016357898712158203
6,4,0.0,0.016727209091186523
6,4,0.0,0.015995025634765625
6,4,0.0,0.016021013259887695
6,4,0.0,0.016152143478393555
6,4,0.0,0.01677417755126953
6,4,0.0,0.016506195068359375
6,4,0.0,0.016495943069458008
6,4,0.0,0.01597285270690918
6,4,0.0,0.016523122787475586
7,4,0.0,0.020302772521972656
7,4,0.0,0.020166873931884766
7,4,0.0,0.020103931427001953
7,4,0.0,0.019654273986816406
7,4,0.0,0.01992321014404297
7,4,0.0,0.02008676528930664
7,4,0.0,0.020109176635742188
7,4,0.0,0.02006697654724121
7,4,0.0,0.02013111114501953
7,4,0.0,0.01979994773864746
7,4,0.0,0.01982712745666504
7,4,0.0,0.02012491226196289
7,4,0.0,0.02019810676574707
7,4,0.0,0.019552946090698242
7,4,0.0,0.020251989364624023
7,4,0.0,0.019500017166137695
7,4,0.0,0.01942920684814453
7,4,0.0,0.019197940826416016
7,4,0.0,0.02014470100402832
7,4,0.0,0.019302845001220703
7,4,0.0,0.020205259323120117
7,4,0.0,0.019514083862304688
7,4,0.0,0.019697904586791992
7,4,0.0,0.019776105880737305
7,4,0.0,0.019963979721069336
7,4,0.0,0.019949674606323242
7,4,0.0,0.019877910614013672
7,4,0.0,0.019692182540893555
7,4,0.0,0.020704030990600586
7,4,0.0,0.020068883895874023
1,5,0.0,0.006049156188964844
1,5,0.0,0.00615692138671875
1,5,0.0,0.0061588287353515625
1,5,0.0,0.005574226379394531
1,5,0.0,0.00517725944519043
1,5,0.0,0.00570225715637207
1,5,0.0,0.0060100555419921875
1,5,0.0,0.006245136260986328
1,5,0.0,0.005379676818847656
1,5,0.0,0.0051860809326171875
1,5,0.0,0.005123138427734375
1,5,0.0,0.005652904510498047
1,5,0.0,0.005859851837158203
1,5,0.0,0.0062580108642578125
1,5,0.0,0.005391120910644531
1,5,0.0,0.005259990692138672
1,5,0.0,0.006501913070678711
1,5,0.0,0.005571126937866211
1,5,0.0,0.00526738166809082
1,5,0.0,0.006287097930908203
1,5,0.0,0.006256103515625
1,5,0.0,0.00592803955078125
1,5,0.0,0.00514674186706543
1,5,0.0,0.005684852600097656
1,5,0.0,0.0059320926666259766
1,5,0.0,0.006000041961669922
1,5,0.0,0.00551605224609375
1,5,0.0,0.005385160446166992
1,5,0.0,0.005326032638549805
1,5,0.0,0.005347013473510742
2,5,0.0,0.008491992950439453
2,5,0.0,0.008272171020507812
2,5,0.0,0.008600711822509766
2,5,0.0,0.008116006851196289
2,5,0.0,0.008947134017944336
2,5,0.0,0.00819087028503418
2,5,0.0,0.008547067642211914
2,5,0.0,0.008367061614990234
2,5,0.0,0.008368968963623047
2,5,0.0,0.01183009147644043
2,5,0.0,0.008558988571166992
2,5,0.0,0.008427143096923828
2,5,0.0,0.007075071334838867
2,5,0.0,0.008619070053100586
2,5,0.0,0.012172937393188477
2,5,0.0,0.008821964263916016
2,5,0.0,0.00977325439453125
2,5,0.0,0.00861215591430664
2,5,0.0,0.00839686393737793
2,5,0.0,0.00851893424987793
2,5,0.0,0.009573936462402344
2,5,0.0,0.009217977523803711
2,5,0.0,0.008574962615966797
2,5,0.0,0.0089111328125
2,5,0.0,0.009176969528198242
2,5,0.0,0.011977910995483398
2,5,0.0,0.008690834045410156
2,5,0.0,0.009675025939941406
2,5,0.0,0.00859689712524414
2,5,0.0,0.009111881256103516
3,5,0.0,0.009414196014404297
3,5,0.0,0.014246225357055664
3,5,0.0,0.013448953628540039
3,5,0.0,0.010318279266357422
3,5,0.0,0.014666080474853516
3,5,0.0,0.0096588134765625
3,5,0.0,0.01819586753845215
3,5,0.0,0.020685195922851562
3,5,0.0,0.015349149703979492
3,5,0.0,0.010164976119995117
3,5,0.0,0.016721010208129883
3,5,0.0,0.007783174514770508
3,5,0.0,0.014935731887817383
3,5,0.0,0.014960050582885742
3,5,0.0,0.012119054794311523
3,5,0.0,0.01564764976501465
3,5,0.0,0.01678013801574707
3,5,0.0,0.012675762176513672
3,5,0.0,0.009958028793334961
3,5,0.0,0.01440286636352539
3,5,0.0,0.02301311492919922
3,5,0.0,0.014300346374511719
3,5,0.0,0.01544499397277832
3,5,0.0,0.015350103378295898
3,5,0.0,0.013124227523803711
3,5,0.0,0.013261079788208008
3,5,0.0,0.01363992691040039
3,5,0.0,0.012584924697875977
3,5,0.0,0.013906717300415039
3,5,0.0,0.014417171478271484
4,5,0.0,0.012315988540649414
4,5,0.0,0.019598722457885742
4,5,0.0,0.01154184341430664
4,5,0.0,0.013226032257080078
4,5,0.0,0.010920047760009766
4,5,0.0,0.01375889778137207
4,5,0.0,0.016340017318725586
4,5,0.0,0.00872802734375
4,5,0.0,0.011137008666992188
4,5,0.0,0.008948087692260742
4,5,0.0,0.01818108558654785
4,5,0.0,0.01991128921508789
4,5,0.0,0.020944833755493164
4,5,0.0,0.014110326766967773
4,5,0.0,0.008647918701171875
4,5,0.0,0.008135318756103516
4,5,0.0,0.0118560791015625
4,5,0.0,0.01201319694519043
4,5,0.0,0.012820959091186523
4,5,0.0,0.019076108932495117
4,5,0.0,0.013777017593383789
4,5,0.0,0.01724386215209961
4,5,0.0,0.008710145950317383
4,5,0.0,0.01878190040588379
4,5,0.0,0.016529083251953125
4,5,0.0,0.022907257080078125
4,5,0.0,0.0185849666595459
4,5,0.0,0.011929988861083984
4,5,0.0,0.012581110000610352
4,5,0.0,0.013128280639648438
5,5,0.0,0.009182214736938477
5,5,0.0,0.010154008865356445
5,5,0.0,0.009023904800415039
5,5,0.0,0.008625984191894531
5,5,0.0,0.009318828582763672
5,5,0.0,0.009866952896118164
5,5,0.0,0.009418010711669922
5,5,0.0,0.009466886520385742
5,5,0.0,0.009563922882080078
5,5,0.0,0.009809017181396484
5,5,0.0,0.00873875617980957
5,5,0.0,0.010599136352539062
5,5,0.0,0.00933074951171875
5,5,0.0,0.010220050811767578
5,5,0.0,0.00929570198059082
5,5,0.0,0.00890207290649414
5,5,0.0,0.010038137435913086
5,5,0.0,0.009974956512451172
5,5,0.0,0.009231090545654297
5,5,0.0,0.009755849838256836
5,5,0.0,0.009115934371948242
5,5,0.0,0.00993204116821289
5,5,0.0,0.00883793830871582
5,5,0.0,0.009592056274414062
5,5,0.0,0.009689092636108398
5,5,0.0,0.009499073028564453
5,5,0.0,0.009057044982910156
5,5,0.0,0.00867915153503418
5,5,0.0,0.011095046997070312
5,5,0.0,0.010048866271972656
6,5,0.0,0.018002033233642578
6,5,0.0,0.019276142120361328
6,5,0.0,0.018318891525268555
6,5,0.0,0.019214868545532227
6,5,0.0,0.018796920776367188
6,5,0.0,0.019202232360839844
6,5,0.0,0.019233226776123047
6,5,0.0,0.018635034561157227
6,5,0.0,0.018591880798339844
6,5,0.0,0.01896190643310547
6,5,0.0,0.019124984741210938
6,5,0.0,0.019374847412109375
6,5,0.0,0.018800973892211914
6,5,0.0,0.01909613609313965
6,5,0.0,0.018207073211669922
6,5,0.0,0.019110918045043945
6,5,0.0,0.01858997344970703
6,5,0.0,0.01893305778503418
6,5,0.0,0.01852703094482422
6,5,0.0,0.018672943115234375
6,5,0.0,0.01938605308532715
6,5,0.0,0.01976799964904785
6,5,0.0,0.01858997344970703
6,5,0.0,0.01906108856201172
6,5,0.0,0.01831221580505371
6,5,0.0,0.019005298614501953
6,5,0.0,0.01945328712463379
6,5,0.0,0.018825054168701172
6,5,0.0,0.01876091957092285
6,5,0.0,0.01927328109741211
7,5,0.0,0.022263050079345703
7,5,0.0,0.021872997283935547
7,5,0.0,0.022485971450805664
7,5,0.0,0.022669076919555664
7,5,0.0,0.0227048397064209
7,5,0.0,0.02245473861694336
7,5,0.0,0.021775007247924805
7,5,0.0,0.02184915542602539
7,5,0.0,0.022567033767700195
7,5,0.0,0.02316594123840332
7,5,0.0,0.02168107032775879
7,5,0.0,0.02300405502319336
7,5,0.0,0.02219986915588379
7,5,0.0,0.021973848342895508
7,5,0.0,0.022516965866088867
7,5,0.0,0.022614002227783203
7,5,0.0,0.022439002990722656
7,5,0.0,0.022383928298950195
7,5,0.0,0.021945953369140625
7,5,0.0,0.02227616310119629
7,5,0.0,0.02244114875793457
7,5,0.0,0.023163318634033203
7,5,0.0,0.02143716812133789
7,5,0.0,0.02265191078186035
7,5,0.0,0.021988868713378906
7,5,0.0,0.022099018096923828
7,5,0.0,0.021808862686157227
7,5,0.0,0.022224903106689453
7,5,0.0,0.02243804931640625
7,5,0.0,0.022607088088989258
1,6,0.0,0.006168842315673828
1,6,0.0,0.005812883377075195
1,6,0.0,0.0060231685638427734
1,6,0.0,0.006322383880615234
1,6,0.0,0.00638270378112793
1,6,0.0,0.005763053894042969
1,6,0.0,0.005204200744628906
1,6,0.0,0.005277156829833984
1,6,0.0,0.006600856781005859
1,6,0.0,0.006366252899169922
1,6,0.0,0.006045103073120117
1,6,0.0,0.005276918411254883
1,6,0.0,0.005106925964355469
1,6,0.0,0.006181955337524414
1,6,0.0,0.0058748722076416016
1,6,0.0,0.006749868392944336
1,6,0.0,0.0059850215911865234
1,6,0.0,0.005604267120361328
1,6,0.0,0.0058040618896484375
1,6,0.0,0.006051778793334961
1,6,0.0,0.006582021713256836
1,6,0.0,0.0056798458099365234
1,6,0.0,0.0051729679107666016
1,6,0.0,0.005429983139038086
1,6,0.0,0.00514674186706543
1,6,0.0,0.0056629180908203125
1,6,0.0,0.006383180618286133
1,6,0.0,0.005663871765136719
1,6,0.0,0.005373239517211914
1,6,0.0,0.005217075347900391
2,6,0.0,0.01271200180053711
2,6,0.0,0.009402275085449219
2,6,0.0,0.009991884231567383
2,6,0.0,0.009068965911865234
2,6,0.0,0.010545969009399414
2,6,0.0,0.009311914443969727
2,6,0.0,0.013232231140136719
2,6,0.0,0.009541988372802734
2,6,0.0,0.012956857681274414
2,6,0.0,0.011955976486206055
2,6,0.0,0.012700796127319336
2,6,0.0,0.009194135665893555
2,6,0.0,0.008998870849609375
2,6,0.0,0.009882926940917969
2,6,0.0,0.007241010665893555
2,6,0.0,0.013689041137695312
2,6,0.0,0.008949995040893555
2,6,0.0,0.008800983428955078
2,6,0.0,0.009315013885498047
2,6,0.0,0.009921073913574219
2,6,0.0,0.009123086929321289
2,6,0.0,0.008823871612548828
2,6,0.0,0.010029077529907227
2,6,0.0,0.00993204116821289
2,6,0.0,0.009260892868041992
2,6,0.0,0.009285926818847656
2,6,0.0,0.012781143188476562
2,6,0.0,0.009193897247314453
2,6,0.0,0.010075092315673828
2,6,0.0,0.010306596755981445
3,6,0.0,0.009526968002319336
3,6,0.0,0.014143943786621094
3,6,0.0,0.013391256332397461
3,6,0.0,0.009361028671264648
3,6,0.0,0.009517669677734375
3,6,0.0,0.013962984085083008
3,6,0.0,0.018227815628051758
3,6,0.0,0.014038801193237305
3,6,0.0,0.01123499870300293
3,6,0.0,0.011277914047241211
3,6,0.0,0.013695955276489258
3,6,0.0,0.014418840408325195
3,6,0.0,0.009824037551879883
3,6,0.0,0.015001058578491211
3,6,0.0,0.010067939758300781
3,6,0.0,0.010283708572387695
3,6,0.0,0.021331071853637695
3,6,0.0,0.015160799026489258
3,6,0.0,0.013303995132446289
3,6,0.0,0.0107269287109375
3,6,0.0,0.018262863159179688
3,6,0.0,0.016227006912231445
3,6,0.0,0.014111995697021484
3,6,0.0,0.013592004776000977
3,6,0.0,0.010320901870727539
3,6,0.0,0.018339157104492188
3,6,0.0,0.017773151397705078
3,6,0.0,0.015568733215332031
3,6,0.0,0.010629892349243164
3,6,0.0,0.01357889175415039
4,6,0.0,0.01394200325012207
4,6,0.0,0.02136397361755371
4,6,0.0,0.019855737686157227
4,6,0.0,0.0090179443359375
4,6,0.0,0.020367860794067383
4,6,0.0,0.0198671817779541
4,6,0.0,0.01921391487121582
4,6,0.0,0.01973414421081543
4,6,0.0,0.01879572868347168
4,6,0.0,0.016228914260864258
4,6,0.0,0.02736687660217285
4,6,0.0,0.020662784576416016
4,6,0.0,0.027511119842529297
4,6,0.0,0.012165069580078125
4,6,0.0,0.013447761535644531
4,6,0.0,0.017500877380371094
4,6,0.0,0.020775794982910156
4,6,0.0,0.012613058090209961
4,6,0.0,0.011806964874267578
4,6,0.0,0.014267206192016602
4,6,0.0,0.014220952987670898
4,6,0.0,0.01844501495361328
4,6,0.0,0.014383792877197266
4,6,0.0,0.013707160949707031
4,6,0.0,0.013752937316894531
4,6,0.0,0.017410993576049805
4,6,0.0,0.01945805549621582
4,6,0.0,0.01148223876953125
4,6,0.0,0.015178918838500977
4,6,0.0,0.014075756072998047
5,6,0.0,0.018230915069580078
5,6,0.0,0.02380514144897461
5,6,0.0,0.01689004898071289
5,6,0.0,0.014983177185058594
5,6,0.0,0.027042627334594727
5,6,0.0,0.03998208045959473
5,6,0.0,0.022893905639648438
5,6,0.0,0.0272519588470459
5,6,0.0,0.017082929611206055
5,6,0.0,0.02860116958618164
5,6,0.0,0.041649818420410156
5,6,0.0,0.017081022262573242
5,6,0.0,0.029515981674194336
5,6,0.0,0.03260397911071777
5,6,0.0,0.04060101509094238
5,6,0.0,0.010653972625732422
5,6,0.0,0.03166007995605469
5,6,0.0,0.017303943634033203
5,6,0.0,0.052342891693115234
5,6,0.0,0.024630069732666016
5,6,0.0,0.03551888465881348
5,6,0.0,0.026813268661499023
5,6,0.0,0.016973018646240234
5,6,0.0,0.027620792388916016
5,6,0.0,0.010406017303466797
5,6,0.0,0.015004158020019531
5,6,0.0,0.034410953521728516
5,6,0.0,0.036255836486816406
5,6,0.0,0.042008161544799805
5,6,0.0,0.009786128997802734
6,6,0.0,0.011510848999023438
6,6,0.0,0.011334896087646484
6,6,0.0,0.010442256927490234
6,6,0.0,0.010064840316772461
6,6,0.0,0.010808944702148438
6,6,0.0,0.010827064514160156
6,6,0.0,0.010725259780883789
6,6,0.0,0.010188817977905273
6,6,0.0,0.011289834976196289
6,6,0.0,0.01048898696899414
6,6,0.0,0.010703802108764648
6,6,0.0,0.010822772979736328
6,6,0.0,0.010820865631103516
6,6,0.0,0.010888099670410156
6,6,0.0,0.010616064071655273
6,6,0.0,0.011039018630981445
6,6,0.0,0.010675907135009766
6,6,0.0,0.010744094848632812
6,6,0.0,0.010954856872558594
6,6,0.0,0.010777950286865234
6,6,0.0,0.011140823364257812
6,6,0.0,0.011111974716186523
6,6,0.0,0.010531187057495117
6,6,0.0,0.012175798416137695
6,6,0.0,0.010685205459594727
6,6,0.0,0.01169896125793457
6,6,0.0,0.011485099792480469
6,6,0.0,0.011476993560791016
6,6,0.0,0.01079702377319336
6,6,0.0,0.010659933090209961
7,6,0.0,0.02484917640686035
7,6,0.0,0.025110960006713867
7,6,0.0,0.024410247802734375
7,6,0.0,0.02455282211303711
7,6,0.0,0.02444291114807129
7,6,0.0,0.0256650447845459
7,6,0.0,0.02517080307006836
7,6,0.0,0.02470993995666504
7,6,0.0,0.024508237838745117
7,6,0.0,0.024666786193847656
7,6,0.0,0.02436089515686035
7,6,0.0,0.024444103240966797
7,6,0.0,0.024265050888061523
7,6,0.0,0.024734973907470703
7,6,0.0,0.02512383460998535
7,6,0.0,0.02537989616394043
7,6,0.0,0.02512216567993164
7,6,0.0,0.02516317367553711
7,6,0.0,0.025303125381469727
7,6,0.0,0.024979829788208008
7,6,0.0,0.025372028350830078
7,6,0.0,0.024598121643066406
7,6,0.0,0.025065898895263672
7,6,0.0,0.02460789680480957
7,6,0.0,0.02537703514099121
7,6,0.0,0.025772809982299805
7,6,0.0,0.024765968322753906
7,6,0.0,0.026109933853149414
7,6,0.0,0.02426004409790039
7,6,0.0,0.025072097778320312
1,7,0.0,0.006185054779052734
1,7,0.0,0.0062770843505859375
1,7,0.0,0.006140947341918945
1,7,0.0,0.006363868713378906
1,7,0.0,0.0060651302337646484
1,7,0.0,0.0056858062744140625
1,7,0.0,0.0053598880767822266
1,7,0.0,0.00574493408203125
1,7,0.0,0.008949041366577148
1,7,0.0,0.008057117462158203
1,7,0.0,0.005708932876586914
1,7,0.0,0.0055239200592041016
1,7,0.0,0.005753993988037109
1,7,0.0,0.0059108734130859375
1,7,0.0,0.0062770843505859375
1,7,0.0,0.006091117858886719
1,7,0.0,0.005243062973022461
1,7,0.0,0.006020784378051758
1,7,0.0,0.006085872650146484
1,7,0.0,0.006620168685913086
1,7,0.0,0.006456851959228516
1,7,0.0,0.005256175994873047
1,7,0.0,0.0052988529205322266
1,7,0.0,0.006398200988769531
1,7,0.0,0.005693912506103516
1,7,0.0,0.00543522834777832
1,7,0.0,0.005393028259277344
1,7,0.0,0.006245136260986328
1,7,0.0,0.005970954895019531
1,7,0.0,0.005405902862548828
2,7,0.0,0.009102821350097656
2,7,0.0,0.010471105575561523
2,7,0.0,0.009163141250610352
2,7,0.0,0.01329493522644043
2,7,0.0,0.009369850158691406
2,7,0.0,0.009307861328125
2,7,0.0,0.008651971817016602
2,7,0.0,0.009235143661499023
2,7,0.0,0.008289813995361328
2,7,0.0,0.009044885635375977
2,7,0.0,0.00941610336303711
2,7,0.0,0.009597063064575195
2,7,0.0,0.009002923965454102
2,7,0.0,0.008905887603759766
2,7,0.0,0.008957862854003906
2,7,0.0,0.013488054275512695
2,7,0.0,0.013270139694213867
2,7,0.0,0.012380123138427734
2,7,0.0,0.009771108627319336
2,7,0.0,0.009418725967407227
2,7,0.0,0.008616924285888672
2,7,0.0,0.009022951126098633
2,7,0.0,0.010029077529907227
2,7,0.0,0.00913095474243164
2,7,0.0,0.010103940963745117
2,7,0.0,0.009251117706298828
2,7,0.0,0.009080171585083008
2,7,0.0,0.009994029998779297
2,7,0.0,0.009248018264770508
2,7,0.0,0.009671211242675781
3,7,0.0,0.014522314071655273
3,7,0.0,0.008060932159423828
3,7,0.0,0.018510818481445312
3,7,0.0,0.012396097183227539
3,7,0.0,0.008553028106689453
3,7,0.0,0.0076961517333984375
3,7,0.0,0.010525941848754883
3,7,0.0,0.009216070175170898
3,7,0.0,0.007719993591308594
3,7,0.0,0.00881195068359375
3,7,0.0,0.008032798767089844
3,7,0.0,0.014313936233520508
3,7,0.0,0.017431020736694336
3,7,0.0,0.01424717903137207
3,7,0.0,0.01553797721862793
3,7,0.0,0.012075185775756836
3,7,0.0,0.008976936340332031
3,7,0.0,0.014031171798706055
3,7,0.0,0.014407873153686523
3,7,0.0,0.008001089096069336
3,7,0.0,0.015042781829833984
3,7,0.0,0.013068199157714844
3,7,0.0,0.015218257904052734
3,7,0.0,0.008282899856567383
3,7,0.0,0.01585102081298828
3,7,0.0,0.008358240127563477
3,7,0.0,0.00850987434387207
3,7,0.0,0.013699054718017578
3,7,0.0,0.008496999740600586
3,7,0.0,0.009174108505249023
4,7,0.0,0.022250890731811523
4,7,0.0,0.024374008178710938
4,7,0.0,0.014641761779785156
4,7,0.0,0.019558191299438477
4,7,0.0,0.022454023361206055
4,7,0.0,0.017212867736816406
4,7,0.0,0.022464990615844727
4,7,0.0,0.025225162506103516
4,7,0.0,0.020917415618896484
4,7,0.0,0.020864009857177734
4,7,0.0,0.021277904510498047
4,7,0.0,0.019694089889526367
4,7,0.0,0.023813962936401367
4,7,0.0,0.026762008666992188
4,7,0.0,0.0213468074798584
4,7,0.0,0.02049994468688965
4,7,0.0,0.019526004791259766
4,7,0.0,0.02086496353149414
4,7,0.0,0.019470691680908203
4,7,0.0,0.02870774269104004
4,7,0.0,0.021230697631835938
4,7,0.0,0.021342039108276367
4,7,0.0,0.021311044692993164
4,7,0.0,0.02025127410888672
4,7,0.0,0.027371883392333984
4,7,0.0,0.02562713623046875
4,7,0.0,0.024303913116455078
4,7,0.0,0.022680044174194336
4,7,0.0,0.021776199340820312
4,7,0.0,0.018088102340698242
5,7,0.0,0.03692007064819336
5,7,0.0,0.03286290168762207
5,7,0.0,0.029202938079833984
5,7,0.0,0.028593778610229492
5,7,0.0,0.03722810745239258
5,7,0.0,0.031882286071777344
5,7,0.0,0.031385183334350586
5,7,0.0,0.048474788665771484
5,7,0.0,0.015887022018432617
5,7,0.0,0.02897787094116211
5,7,0.0,0.037364959716796875
5,7,0.0,0.028013229370117188
5,7,0.0,0.031172990798950195
5,7,0.0,0.04003715515136719
5,7,0.0,0.04553985595703125
5,7,0.0,0.03560900688171387
5,7,0.0,0.030469894409179688
5,7,0.0,0.016415834426879883
5,7,0.0,0.037383079528808594
5,7,0.0,0.045310020446777344
5,7,0.0,0.02323007583618164
5,7,0.0,0.052367210388183594
5,7,0.0,0.03823089599609375
5,7,0.0,0.03698611259460449
5,7,0.0,0.03040909767150879
5,7,0.0,0.02774810791015625
5,7,0.0,0.0358731746673584
5,7,0.0,0.02754688262939453
5,7,0.0,0.019275903701782227
5,7,0.0,0.025913715362548828
6,7,0.0,0.11145615577697754
6,7,0.0,0.039093971252441406
6,7,0.0,0.06251692771911621
6,7,0.0,0.055966854095458984
6,7,0.0,0.05836296081542969
6,7,0.0,0.05098080635070801
6,7,0.0,0.04878425598144531
6,7,0.0,0.062293052673339844
6,7,0.0,0.04508805274963379
6,7,0.0,0.0472259521484375
6,7,0.0,0.011093854904174805
6,7,0.0,0.03635716438293457
6,7,0.0,0.08710575103759766
6,7,0.0,0.055770158767700195
6,7,0.0,0.03576397895812988
6,7,0.0,0.06792497634887695
6,7,0.0,0.04506111145019531
6,7,0.0,0.020794153213500977
6,7,0.0,0.0965108871459961
6,7,0.0,0.03238201141357422
6,7,0.0,0.08002305030822754
6,7,0.0,0.06877422332763672
6,7,0.0,0.033101797103881836
6,7,0.0,0.06253385543823242
6,7,0.0,0.05260181427001953
6,7,0.0,0.04142189025878906
6,7,0.0,0.03517603874206543
6,7,0.0,0.06150197982788086
6,7,0.0,0.06736898422241211
6,7,0.0,0.0764930248260498
7,7,0.0,0.015501022338867188
7,7,0.0,0.013091087341308594
7,7,0.0,0.01349020004272461
7,7,0.0,0.012617111206054688
7,7,0.0,0.012991905212402344
7,7,0.0,0.01345515251159668
7,7,0.0,0.012333869934082031
7,7,0.0,0.012989997863769531
7,7,0.0,0.013239622116088867
7,7,0.0,0.013085126876831055
7,7,0.0,0.012281179428100586
7,7,0.0,0.013164043426513672
7,7,0.0,0.012456178665161133
7,7,0.0,0.012667179107666016
7,7,0.0,0.012941122055053711
7,7,0.0,0.012883901596069336
7,7,0.0,0.012326955795288086
7,7,0.0,0.012566089630126953
7,7,0.0,0.01226806640625
7,7,0.0,0.013142108917236328
7,7,0.0,0.013438940048217773
7,7,0.0,0.013293981552124023
7,7,0.0,0.012578964233398438
7,7,0.0,0.013235330581665039
7,7,0.0,0.01219797134399414
7,7,0.0,0.012918949127197266
7,7,0.0,0.013484001159667969
7,7,0.0,0.013067960739135742
7,7,0.0,0.012664794921875
7,7,0.0,0.013672113418579102
